Product Name,Category,Sub-Category,Total_Sales,Trend_Slope,Avg_Monthly_Sales,Trend_Label,Category_Rank
Enermax Aurora Lite Keyboard,Technology,Accessories,1641.15,-31.26,328.23,Declining,84
Global Deluxe High-Back Manager's Chair,Furniture,Chairs,5948.384,-772.1459999999997,1982.7946666666667,Declining,136
Recycled Steel Personal File for Hanging File Folders,Office Supplies,Storage,766.882,56.08539999999999,191.7205,Growing,18
"Black Print Carbonless 8 1/2"" x 8 1/4"" Rapid Memo Book",Office Supplies,Paper,52.416000000000004,0.0,17.472,Declining,176
Fellowes Bankers Box Recycled Super Stor/Drawer,Office Supplies,Storage,593.78,-1.079599999999999,148.445,Declining,200
DAX Black Cherry Wood-Tone Poster Frame,Furniture,Furnishings,227.72799999999998,-11.121599999999997,56.931999999999995,Declining,91
Harbour Creations Steel Folding Chair,Furniture,Chairs,1190.25,-27.6,238.05,Declining,104
Rogers Profile Extra Capacity Storage Tub,Office Supplies,Storage,334.8,-10.044,83.7,Declining,286
Zipper Ring Binder Pockets,Office Supplies,Binders,45.239999999999995,-0.9248571428571426,6.462857142857142,Declining,196
Acco 6 Outlet Guardian Premium Surge Suppressor,Office Supplies,Appliances,353.808,-1.1231999999999993,58.967999999999996,Declining,201
Boston Heavy-Duty Trimline Electric Pencil Sharpeners,Office Supplies,Art,780.8399999999999,-35.667999999999985,195.20999999999998,Declining,324
3M Hangers With Command Adhesive,Furniture,Furnishings,39.96,-3.6999999999999975,13.32,Declining,76
Wilson Jones Heavy-Duty Casebound Ring Binders with Metal Hinges,Office Supplies,Binders,263.264,-34.63999999999999,87.75466666666667,Declining,322
Xerox 205,Office Supplies,Paper,98.49600000000001,-2.5920000000000014,32.832,Declining,228
"Adams Telephone Message Book w/Frequently-Called Numbers Space, 400 Messages per Book",Office Supplies,Paper,127.68,-3.9900000000000007,42.56,Declining,246
Avery Durable Binders,Office Supplies,Binders,13.823999999999998,-1.152,4.608,Declining,202
Wilson SignalBoost 841262 DB PRO Amplifier Kit,Technology,Phones,2807.61,-71.99000000000001,935.87,Declining,93
Cardinal Holdit Business Card Pockets,Office Supplies,Binders,43.824,-3.9839999999999987,14.607999999999999,Declining,245
Xerox 1916,Office Supplies,Paper,254.488,-6.2803698347351e-16,84.82933333333334,Declining,177
"Acco Clips to Go Binder Clips, 24 Clips in Two Sizes",Office Supplies,Fasteners,30.529999999999998,4.259999999999999,10.176666666666666,Growing,102
Self-Adhesive Address Labels for Typewriters by Universal,Office Supplies,Labels,68.714,1.3157999999999994,17.1785,Growing,149
9-3/4 Diameter Round Wall Clock,Furniture,Furnishings,317.17,2.2064000000000004,63.434000000000005,Growing,61
Prestige Round Ring Binders,Office Supplies,Binders,36.480000000000004,7.295999999999998,12.160000000000002,Growing,78
WD My Passport Ultra 2TB Portable External Hard Drive,Technology,Accessories,1190.0,118.99999999999997,396.6666666666667,Growing,7
Xerox 216,Office Supplies,Paper,102.38399999999999,-6.350399999999999,25.595999999999997,Declining,270
ClearOne CHATAttach 160 -Â speaker phone,Technology,Phones,5207.916,247.99599999999998,1735.972,Growing,4
Model L Table or Wall-Mount Pencil Sharpener,Office Supplies,Art,349.006,10.434199999999997,87.2515,Growing,63
Easy-staple paper,Office Supplies,Paper,1350.48,6.103480392156864,79.44,Growing,85
Fellowes Superior 10 Outlet Split Surge Protector,Office Supplies,Appliances,258.808,-6.089600000000003,51.7616,Declining,267
Staples,Office Supplies,Fasteners,237.06,1.0526993006993008,19.755,Growing,154
"OIC #2 Pencils, Medium Soft",Office Supplies,Art,18.799999999999997,-0.9399999999999998,6.266666666666666,Declining,197
"Master Big Foot Doorstop, Beige",Furniture,Furnishings,93.98400000000001,-4.118399999999998,23.496000000000002,Declining,77
Xerox 1934,Office Supplies,Paper,705.348,-39.18600000000001,235.11599999999999,Declining,331
"Multi-Use Personal File Cart and Caster Set, Three Stacking Bins",Office Supplies,Storage,278.08,-2.51214793389404e-15,92.69333333333333,Declining,180
Kensington 7 Outlet MasterPiece Power Center,Office Supplies,Appliances,1281.4560000000001,17.79799999999996,427.15200000000004,Growing,44
Plantronics Voyager Pro HD - Bluetooth Headset,Technology,Phones,545.9159999999999,51.99199999999998,181.97199999999998,Growing,19
"Linden 10"" Round Wall Clock, Black",Furniture,Furnishings,223.088,-4.8896000000000015,44.617599999999996,Declining,79
Hon 4070 Series Pagoda Round Back Stacking Chairs,Furniture,Chairs,2471.546,272.8329999999999,823.8486666666668,Growing,7
Hon Multipurpose Stacking Arm Chairs,Furniture,Chairs,2989.0800000000004,-21.660000000000032,996.3600000000001,Declining,100
Xerox 214,Office Supplies,Paper,81.648,-8.423999999999994,27.215999999999998,Declining,283
Sharp 1540cs Digital Laser Copier,Technology,Copiers,1759.968,-54.99900000000001,586.6560000000001,Declining,89
Surelock Post Binders,Office Supplies,Binders,250.592,14.0576,62.648,Growing,52
AT&T 17929 Lendline Telephone,Technology,Phones,922.8960000000001,-20.68114285714286,153.816,Declining,77
Staple envelope,Office Supplies,Envelopes,547.148,-0.490264705882353,34.19675,Declining,186
Xerox 1947,Office Supplies,Paper,136.344,-1.435200000000001,27.2688,Declining,211
Motorola Droid Maxx,Technology,Phones,2069.862,-164.98899999999995,689.9540000000001,Declining,103
Luxo Adjustable Task Clamp Lamp,Furniture,Furnishings,746.2560000000001,88.83999999999999,248.75200000000004,Growing,22
Euro-Pro Shark Turbo Vacuum,Office Supplies,Appliances,371.76,5.02429586778808e-15,123.92,Growing,172
Brother DCP1000 Digital 3 in 1 Multifunction Machine,Technology,Copiers,1559.9479999999999,-5.02429586778808e-15,519.9826666666667,Declining,56
Belkin 6 Outlet Metallic Surge Strip,Office Supplies,Appliances,103.455,-2.7224999999999997,20.691,Declining,233
GBC Standard Therm-A-Bind Covers,Office Supplies,Binders,301.532,-2.4920000000000004,60.3064,Declining,225
"Hot File 7-Pocket, Floor Stand",Office Supplies,Storage,2569.968,17.847,513.9936,Growing,43
DIXON Ticonderoga Erasable Checking Pencils,Office Supplies,Art,63.611999999999995,0.44640000000000074,12.722399999999999,Growing,167
"Logitech B530 USBÂ HeadsetÂ -Â headsetÂ - Full size, Binaural",Technology,Phones,399.492,-19.234800000000003,99.873,Declining,75
GBC DocuBind TL300 Electric Binding System,Office Supplies,Binders,8521.404999999999,269.0969999999999,1704.2809999999997,Growing,3
Newell 324,Office Supplies,Art,127.05000000000001,-17.324999999999992,42.35,Declining,304
"Adams Telephone Message Book W/Dividers/Space For Phone Numbers, 5 1/4""X8 1/2"", 300/Messages",Office Supplies,Paper,44.687999999999995,0.7056,11.171999999999999,Growing,163
Kingston Digital DataTraveler 16GB USB 2.0,Technology,Accessories,289.98,4.304523809523811,36.2475,Growing,45
Pyle PMP37LED,Technology,Phones,2226.968,-94.07019999999997,445.3936,Declining,95
"Maxell 74 Minute CD-R Spindle, 50/Pack",Technology,Accessories,188.73,20.96999999999999,62.91,Growing,33
Samsung Rugby III,Technology,Phones,633.504,42.23359999999999,158.376,Growing,23
Acco D-Ring Binder w/DublLock,Office Supplies,Binders,64.14,-3.2070000000000007,21.38,Declining,237
Adjustable Depth Letter/Legal Cart,Office Supplies,Storage,5008.296,213.60434285714285,834.716,Growing,4
I Need's 3d Hello Kitty Hybrid Silicone Case Cover for HTC One X 4g with 3d Hello Kitty Stylus Pen Green/pink,Technology,Phones,165.048,-4.544799999999998,41.262,Declining,63
Avery 499,Office Supplies,Labels,105.576,-6.3744000000000005,21.115199999999998,Declining,271
Razer Kraken 7.1 Surround Sound Over Ear USB Gaming Headset,Technology,Accessories,1399.86,-249.9749999999999,466.61999999999995,Declining,104
AT&T CL82213,Technology,Phones,394.264,49.86279999999999,98.566,Growing,20
Xerox 1942,Office Supplies,Paper,391.52,24.47,130.50666666666666,Growing,29
"RSVP Cards & Envelopes, Blank White, 8-1/2"" X 11"", 24 Cards/25 Envelopes/Set",Office Supplies,Paper,39.624,-1.5239999999999996,13.208,Declining,212
12-1/2 Diameter Round Wall Clock,Furniture,Furnishings,167.832,0.7991999999999989,41.958,Growing,65
Newell 343,Office Supplies,Art,29.988,-2.998799999999999,7.497,Declining,236
"Global Stack Chair with Arms, Black",Furniture,Chairs,419.72,-104.92999999999996,139.90666666666667,Declining,119
"Deflect-o SuperTray Unbreakable Stackable Tray, Letter, Black",Furniture,Furnishings,350.15999999999997,43.769999999999996,116.71999999999998,Growing,30
Kingston Digital DataTraveler 8GB USB 2.0,Technology,Accessories,44.03,6.544999999999997,14.676666666666668,Growing,43
"Angle-D Binders with Locking Rings, Label Holders",Office Supplies,Binders,84.68,-6.131999999999997,21.17,Declining,268
O'Sullivan Living Dimensions 5-Shelf Bookcases,Furniture,Bookcases,2766.6695999999997,-112.25783999999999,691.6673999999999,Declining,120
Logitech 910-002974 M325 Wireless Mouse for Web Scrolling,Technology,Accessories,269.91,-29.98999999999999,89.97000000000001,Declining,81
Avery 509,Office Supplies,Labels,24.534,-4.697999999999999,8.177999999999999,Declining,255
Staple holder,Office Supplies,Appliances,128.472,0.9588000000000032,25.6944,Growing,158
"Message Book, Wirebound, Four 5 1/2"" X 4"" Forms/Pg., 200 Dupl. Sets/Book",Office Supplies,Paper,86.352,4.523199999999999,21.588,Growing,99
Ibico Laser Imprintable Binding System Covers,Office Supplies,Binders,707.4000000000001,-2.009718347115232e-14,235.79999999999998,Declining,182
Avery Durable Poly Binders,Office Supplies,Binders,40.922,5.529999999999999,13.640666666666666,Growing,87
3.6 Cubic Foot Counter Height Office Refrigerator,Office Supplies,Appliances,1944.492,648.1639999999998,648.164,Growing,1
"Cardinal HOLDit! Binder Insert Strips,Extra Strips",Office Supplies,Binders,50.64,-6.962999999999997,16.88,Declining,274
Eldon Shelf Savers Cubes and Bins,Office Supplies,Storage,128.43200000000002,-2.2335999999999983,32.108000000000004,Declining,220
O'Sullivan 4-Shelf Bookcase in Odessa Pine,Furniture,Bookcases,1857.043,517.1895,619.0143333333333,Growing,3
"Bevis Oval Conference Table, Walnut",Furniture,Tables,2714.192,-31.317599999999967,678.548,Declining,107
Zebra Zazzle Fluorescent Highlighters,Office Supplies,Art,57.152,-0.6080000000000003,19.050666666666668,Declining,188
Avery 481,Office Supplies,Labels,51.128,1.5400000000000014,17.042666666666666,Growing,144
KI Adjustable-Height Table,Furniture,Tables,2476.224,-50.3597142857143,309.528,Declining,112
Security-Tint Envelopes,Office Supplies,Envelopes,73.344,4.2783999999999995,18.336,Growing,101
BoxOffice By Design Rectangular and Half-Moon Meeting Room Tables,Furniture,Tables,1706.25,251.56249999999994,568.75,Growing,8
"Bravo II Megaboss 12-Amp Hard Body Upright, Replacement Belts, 2 Belts per Pack",Office Supplies,Appliances,26.0,1.2999999999999998,8.666666666666666,Growing,150
Xerox 1884,Office Supplies,Paper,375.624,-19.979999999999993,125.20800000000001,Declining,305
Staple magnet,Office Supplies,Storage,180.24400000000003,3.116800000000002,36.0488,Growing,119
GBC VeloBinder Strips,Office Supplies,Binders,34.56,1.9199999999999986,11.520000000000001,Growing,133
Avery 514,Office Supplies,Labels,33.408,-4.895999999999998,11.136000000000001,Declining,256
Convenience Packs of Business Envelopes,Office Supplies,Envelopes,34.028,-1.8099999999999998,11.342666666666666,Declining,213
DAX Natural Wood-Tone Poster Frame,Furniture,Furnishings,301.872,38.6608,75.468,Growing,34
"Global Deluxe Stacking Chair, Gray",Furniture,Chairs,570.976,8.156799999999999,142.744,Growing,52
"Global High-Back Leather Tilter, Burgundy",Furniture,Chairs,651.847,-18.448499999999992,217.28233333333333,Declining,98
Hunt Boston Vacuum Mount KS Pencil Sharpener,Office Supplies,Art,286.918,59.48299999999998,95.63933333333334,Growing,16
Advantus Rolling Drawer Organizers,Office Supplies,Storage,815.776,15.392,203.944,Growing,48
Logitech G105 Gaming Keyboard,Technology,Accessories,617.4480000000001,77.181,205.81600000000003,Growing,15
DIXON Oriole Pencils,Office Supplies,Art,32.507999999999996,1.0319999999999991,10.835999999999999,Growing,156
Smead Alpha-Z Color-Coded Second Alphabetical Labels and Starter Set,Office Supplies,Labels,17.248,0.616,5.749333333333333,Growing,165
"Acco Pressboard Covers with Storage Hooks, 14 7/8"" x 11"", Light Blue",Office Supplies,Binders,84.943,-0.6383000000000004,21.23575,Declining,190
Prang Dustless Chalk Sticks,Office Supplies,Art,31.92,0.8400000000000003,7.98,Growing,160
Tenex Antistatic Computer Chair Mats,Furniture,Furnishings,1573.016,6.8392,393.254,Growing,56
Avery Self-Adhesive Photo Pockets for Polaroid Photos,Office Supplies,Binders,43.584,1.7706,8.716800000000001,Growing,137
Hon Racetrack Conference Tables,Furniture,Tables,2205.084,-236.2589999999999,735.0279999999999,Declining,130
Compact Automatic Electric Letter Opener,Office Supplies,Supplies,1240.824,-14.317199999999993,310.206,Declining,301
Acco Perma 4000 Stacking Storage Drawers,Office Supplies,Storage,328.048,0.9666666666666671,41.006,Growing,157
Panasonic KX-TG9471B,Technology,Phones,2351.88,97.995,783.96,Growing,10
Belkin F8E887 USB Wired Ergonomic Keyboard,Technology,Accessories,233.92200000000003,2.9990000000000037,77.974,Growing,47
Jabra Supreme Plus Driver EditionÂ Headset,Technology,Phones,2063.828,-86.39279999999997,515.957,Declining,94
SAFCO Boltless Steel Shelving,Office Supplies,Storage,1068.216,90.91199999999998,356.07199999999995,Growing,8
Avery 508,Office Supplies,Labels,38.298,1.4729999999999994,12.766,Growing,146
"GBC Standard Recycled Report Covers, Clear Plastic Sheets",Office Supplies,Binders,135.828,3.234,27.1656,Growing,114
"BIC Brite Liner Highlighters, Chisel Tip",Office Supplies,Art,64.80000000000001,3.3696000000000006,16.200000000000003,Growing,113
Newell 319,Office Supplies,Art,253.952,-14.284800000000002,50.7904,Declining,300
Avery 518,Office Supplies,Labels,62.37,0.06299999999999954,12.474,Growing,171
Xerox 209,Office Supplies,Paper,84.24000000000001,12.959999999999994,28.080000000000002,Growing,57
Logitech Wireless Marathon Mouse M705,Technology,Accessories,779.844,33.9932,194.961,Growing,27
Avery Non-Stick Binders,Office Supplies,Binders,123.026,3.4637142857142846,17.575142857142854,Growing,112
Advantus Panel Wall Acrylic Frame,Furniture,Furnishings,52.512,1.6409999999999985,17.504,Growing,64
Safco Commercial Shelving,Office Supplies,Storage,437.194,-53.0214,109.2985,Declining,337
DAX Wood Document Frame,Furniture,Furnishings,329.52000000000004,-5.492,82.38000000000001,Declining,81
Fellowes Binding Cases,Office Supplies,Binders,262.08,20.592,65.52,Growing,38
"Eldon Regeneration Recycled Desk Accessories, Smoke",Furniture,Furnishings,27.492,-2.6099999999999994,9.164,Declining,74
Holmes Odor Grabber,Office Supplies,Appliances,187.45999999999998,21.629999999999995,62.48666666666666,Growing,36
"Commercial WindTunnel Clean Air Upright Vacuum, Replacement Belts, Filtration Bags",Office Supplies,Appliances,35.01,-3.3454000000000006,7.002,Declining,240
"Seth Thomas 14"" Day/Date Wall Clock",Furniture,Furnishings,256.32,28.479999999999993,85.44,Growing,40
Xerox 194,Office Supplies,Paper,399.456,-5.547999999999996,133.15200000000002,Declining,263
Eureka The Boss Cordless Rechargeable Stick Vac,Office Supplies,Appliances,744.308,-4.078399999999996,148.8616,Declining,248
Southworth 25% Cotton Premium Laser Paper and Envelopes,Office Supplies,Paper,347.652,-105.89399999999998,115.884,Declining,350
Maxell 4.7GB DVD-R,Technology,Accessories,1004.6519999999999,-13.987285714285722,125.58149999999999,Declining,71
Ibico Standard Transparent Covers,Office Supplies,Binders,51.087999999999994,-1.1535999999999997,12.771999999999998,Declining,203
"Office Star - Contemporary Task Swivel chair with Loop Arms, Charcoal",Furniture,Chairs,2043.2880000000002,-68.1096,408.65760000000006,Declining,114
Avery 519,Office Supplies,Labels,70.176,6.2803698347351e-16,23.392,Growing,174
"Executive Impressions 12"" Wall Clock",Furniture,Furnishings,98.952,-2.8272000000000017,24.738,Declining,75
Cardinal EasyOpen D-Ring Binders,Office Supplies,Binders,74.94800000000001,8.225999999999996,24.98266666666667,Growing,72
OIC Bulk Pack Metal Binder Clips,Office Supplies,Fasteners,46.76599999999999,9.422999999999998,15.588666666666667,Growing,67
"Acco Flexible ACCOHIDE Square Ring Data Binder, Dark Blue, 11 1/2"" X 14"" 7/8""",Office Supplies,Binders,152.93800000000002,-1.3016000000000003,30.587600000000002,Declining,208
"Bevis Round Conference Table Top, X-Base",Furniture,Tables,2061.835,123.71010000000001,515.45875,Growing,17
Xerox 2000,Office Supplies,Paper,53.13600000000001,0.6479999999999999,17.712000000000003,Growing,164
DMI Arturo Collection Mission-style Design Wood Chair,Furniture,Chairs,1419.212,39.25479999999999,354.803,Growing,33
NETGEAR N750 Dual Band Wi-Fi Gigabit Router,Technology,Accessories,1170.0,-1.8000000000000043,234.0,Declining,61
"Trav-L-File Heavy-Duty Shuttle II, Black",Office Supplies,Storage,644.836,67.96919999999999,161.209,Growing,15
Logitech Wireless Gaming Headset G930,Technology,Accessories,1343.9160000000002,5.02429586778808e-15,447.97200000000004,Growing,52
Xerox 1891,Office Supplies,Paper,958.636,44.01900000000001,191.72719999999998,Growing,19
GBC Wire Binding Combs,Office Supplies,Binders,82.72,-12.407999999999994,27.573333333333334,Declining,299
Newell 345,Office Supplies,Art,230.144,-1.5888218580782547e-15,57.536,Declining,178
Newell 321,Office Supplies,Art,49.2,-0.9839999999999987,16.400000000000002,Declining,198
"Tenex File Box, Personal Filing Tote with Lid, Black",Office Supplies,Storage,151.998,-21.71399999999999,50.666,Declining,308
Adjustable Personal File Tote,Office Supplies,Storage,156.288,6.512000000000003,52.096000000000004,Growing,83
"Binney & Smith Crayola Metallic Colored Pencils, 8-Color Set",Office Supplies,Art,67.598,2.5928,13.5196,Growing,124
Xerox 1957,Office Supplies,Paper,82.944,2.592,16.5888,Growing,125
Space Solutions HD Industrial Steel Shelving.,Office Supplies,Storage,1310.6580000000001,-172.45499999999993,436.886,Declining,357
"Eaton Premium Continuous-Feed Paper, 25% Cotton, Letter Size, White, 1000 Shts/Box",Office Supplies,Paper,510.416,24.4112,102.0832,Growing,30
Crayola Colored Pencils,Office Supplies,Art,38.704,-10.167999999999996,12.901333333333334,Declining,288
"Fellowes Twister Kit, Gray/Clear, 3/pkg",Office Supplies,Binders,82.00800000000001,-7.236000000000001,20.502000000000002,Declining,279
Stanley Contemporary Battery Pencil Sharpeners,Office Supplies,Art,253.64999999999998,40.04999999999998,84.55,Growing,20
Newell 350,Office Supplies,Art,37.391999999999996,8.199999999999998,12.463999999999999,Growing,73
"Adams ""While You Were Out"" Message Pads",Office Supplies,Paper,40.81999999999999,3.139999999999999,13.606666666666664,Growing,116
Storex Dura Pro Binders,Office Supplies,Binders,198.99,1.7523000000000004,22.11,Growing,139
"Global Value Mid-Back Manager's Chair, Gray",Furniture,Chairs,767.2139999999999,52.36540000000001,191.80349999999999,Growing,28
Eldon Portable Mobile Manager,Office Supplies,Storage,333.70399999999995,23.189599999999995,83.42599999999999,Growing,31
Vinyl Sectional Post Binders,Office Supplies,Binders,452.40000000000003,-31.667999999999996,113.10000000000001,Declining,318
Newell 322,Office Supplies,Art,15.288,-0.36400000000000016,5.096,Declining,185
Xerox 1995,Office Supplies,Paper,47.952000000000005,-1.9440000000000002,15.984000000000002,Declining,215
NETGEAR AC1750 Dual Band GigabitÂ Smart WiFi Router,Technology,Accessories,1119.93,-159.98999999999995,373.31,Declining,101
"Gould Plastics 18-Pocket Panel Bin, 34w x 5-1/4d x 20-1/2h",Office Supplies,Storage,459.95000000000005,-36.79599999999999,153.3166666666667,Declining,325
Fellowes Bankers Box Stor/Drawer Steel Plus,Office Supplies,Storage,486.096,-76.75199999999994,162.032,Declining,345
"Global Value Steno Chair, Gray",Furniture,Chairs,680.288,-30.369999999999983,226.76266666666666,Declining,106
"Adams Phone Message Book, Professional, 400 Message Capacity, 5 3/6â x 11â",Office Supplies,Paper,94.928,20.939999999999998,31.642666666666667,Growing,37
Hon GuestStacker Chair,Furniture,Chairs,3128.046,-95.20139999999996,782.0115,Declining,118
Boston KS Multi-Size Manual Pencil Sharpener,Office Supplies,Art,128.744,3.14018491736755e-16,42.91466666666667,Growing,175
Logitech Desktop MK120 Mouse and keyboard Combo,Technology,Accessories,140.696,12.106399999999999,35.174,Growing,38
Telescoping Adjustable Floor Lamp,Furniture,Furnishings,127.93599999999999,-5.5972,25.5872,Declining,82
Plantronics Audio 478 Stereo USB Headset,Technology,Accessories,259.94800000000004,-29.993999999999993,86.64933333333335,Declining,82
Belkin F5C206VTEL 6 Outlet Surge,Office Supplies,Appliances,349.296,-10.570800000000002,69.8592,Declining,290
Wilson Jones Legal Size Ring Binders,Office Supplies,Binders,347.44199999999995,-7.036799999999993,69.48839999999998,Declining,275
Tennsco Double-Tier Lockers,Office Supplies,Storage,4545.4039999999995,-139.51239999999996,1136.3509999999999,Declining,355
OIC Stacking Trays,Furniture,Furnishings,40.08,-5.009999999999998,13.36,Declining,80
Maxell 4.7GB DVD-RW 3/Pack,Technology,Accessories,98.76599999999999,-11.150999999999994,32.922,Declining,69
Prang Colored Pencils,Office Supplies,Art,39.396,-9.701999999999996,13.132,Declining,285
netTALK DUO VoIP Telephone Service,Technology,Phones,713.8639999999999,-2.009718347115232e-14,237.95466666666664,Declining,58
Advantus Plastic Paper Clips,Office Supplies,Fasteners,139.0,-1.9285714285714282,19.857142857142858,Declining,214
ImationÂ Secure+ Hardware Encrypted USB 2.0Â Flash Drive; 16GB,Technology,Accessories,934.272,2.009718347115232e-14,311.42400000000004,Growing,51
Large Capacity Hanging Post Binders,Office Supplies,Binders,114.77,4.9899999999999975,38.25666666666667,Growing,93
Xerox 1893,Office Supplies,Paper,860.79,1.6395999999999997,143.465,Growing,141
Fellowes 8 Outlet Superior Workstation Surge Protector,Office Supplies,Appliances,633.992,-53.38879999999999,158.498,Declining,338
Cameo Buff Policy Envelopes,Office Supplies,Envelopes,808.9899999999999,-99.56799999999997,269.6633333333333,Declining,347
GE 30524EE4,Technology,Phones,3802.2059999999997,79.51594285714287,633.7009999999999,Growing,14
Rogers Handheld Barrel Pencil Sharpener,Office Supplies,Art,66.308,3.1235999999999997,13.261600000000001,Growing,117
Xerox 225,Office Supplies,Paper,51.84,3.14018491736755e-16,17.28,Growing,175
Ibico Hi-Tech Manual Binding System,Office Supplies,Binders,1921.437,-73.19760000000001,384.2874,Declining,344
"Dixon Prang Watercolor Pencils, 10-Color Set with Brush",Office Supplies,Art,71.56800000000001,4.771199999999999,17.892000000000003,Growing,95
"Alliance Super-Size Bands, Assorted Sizes",Office Supplies,Fasteners,197.612,2.0227999999999975,49.403,Growing,130
Aastra 57i VoIP phone,Technology,Phones,2100.9300000000003,646.4399999999998,700.3100000000001,Growing,2
"Avery Trapezoid Ring Binder, 3"" Capacity, Black, 1040 sheets",Office Supplies,Binders,200.80200000000002,-38.931,66.93400000000001,Declining,330
Kingston Digital DataTraveler 32GB USB 2.0,Technology,Accessories,186.45,-6.440999999999999,37.29,Declining,64
C-Line Cubicle Keepers Polyproplyene Holder With Velcro Backings,Furniture,Furnishings,59.598,-10.878999999999998,19.866,Declining,90
Martin-Yale Premier Letter Opener,Office Supplies,Supplies,82.432,5.151999999999995,27.477333333333334,Growing,91
"Chromcraft Bull-Nose Wood 48"" x 96"" Rectangular Conference Tables",Furniture,Tables,3250.782,192.84300000000007,1083.594,Growing,12
Presstex Flexible Ring Binders,Office Supplies,Binders,59.15,1.046500000000001,11.83,Growing,155
"#10- 4 1/8"" x 9 1/2"" Recycled Envelopes",Office Supplies,Envelopes,75.164,1.9228000000000003,18.791,Growing,132
Wilson Jones Century Plastic Molded Ring Binders,Office Supplies,Binders,340.628,-11.512514285714285,56.77133333333333,Declining,294
Global Comet Stacking Armless Chair,Furniture,Chairs,1614.8700000000001,-119.61999999999999,538.2900000000001,Declining,123
Canon Imageclass D680 Copier / Fax,Technology,Copiers,5319.924000000001,419.9939999999999,1773.3080000000002,Growing,3
Logitech G700s Rechargeable Gaming Mouse,Technology,Accessories,879.912,-31.996799999999993,175.9824,Declining,85
"Eldon Expressions Wood and Plastic Desk Accessories, Cherry Wood",Furniture,Furnishings,111.68,-10.469999999999999,37.22666666666667,Declining,89
"Tennsco Lockers, Gray",Office Supplies,Storage,209.8,1.25607396694702e-15,69.93333333333334,Growing,173
Fellowes Staxonsteel Drawer Files,Office Supplies,Storage,3283.89,57.951000000000015,656.778,Growing,17
Nu-Dell Float Frame 11 x 14 1/2,Furniture,Furnishings,79.024,1.7959999999999974,26.341333333333335,Growing,63
Shocksock Galaxy S4 Armband,Technology,Phones,63.50999999999999,-8.759999999999998,21.169999999999998,Declining,68
Rogers Deluxe File Chest,Office Supplies,Storage,268.156,4.1448,44.69266666666667,Growing,105
Xerox 1909,Office Supplies,Paper,306.008,8.441600000000001,76.502,Growing,71
Standard Rollaway File with Lock,Office Supplies,Storage,3423.6100000000006,-72.07600000000001,684.7220000000001,Declining,342
Bionaire 99.97% HEPA Air Cleaner,Office Supplies,Appliances,164.688,19.271999999999984,54.895999999999994,Growing,40
Ibico Covers for Plastic or Wire Binding Elements,Office Supplies,Binders,103.5,8.739999999999998,20.7,Growing,70
"Howard Miller 14-1/2"" Diameter Chrome Round Wall Clock",Furniture,Furnishings,652.188,153.45599999999996,217.396,Growing,14
"Acco Four Pocket Poly Ring Binder with Label Holder, Smoke, 1""",Office Supplies,Binders,44.7,9.684999999999999,14.9,Growing,65
"Global Push Button Manager's Chair, Indigo",Furniture,Chairs,846.371,6.089000000000004,169.2742,Growing,57
"Global Leather and Oak Executive Chair, Black",Furniture,Chairs,2919.506,240.7839999999999,973.1686666666666,Growing,10
"Carina 42""Hx23 3/4""W Media Storage Unit",Office Supplies,Storage,647.84,-32.392,161.96,Declining,320
Catalog Binders with Expanding Posts,Office Supplies,Binders,740.08,-28.257599999999993,185.02,Declining,314
"Contico 72""H Heavy-Duty Storage System",Office Supplies,Storage,417.996,-36.882,139.332,Declining,326
Xerox 1945,Office Supplies,Paper,606.652,-52.46719999999999,151.663,Declining,335
Xerox 226,Office Supplies,Paper,187.92000000000002,-8.424,37.584,Declining,284
"Lifetime Advantage Folding Chairs, 4/Carton",Furniture,Chairs,1744.64,-174.46399999999997,581.5466666666667,Declining,127
"Acco PRESSTEX Data Binder with Storage Hooks, Dark Blue, 14 7/8"" X 11""",Office Supplies,Binders,94.688,17.754,31.56266666666667,Growing,45
Balt Split Level Computer Training Table,Furniture,Tables,638.25,-13.875,212.75,Declining,94
"Howard Miller 11-1/2"" Diameter Grantwood Wall Clock",Furniture,Furnishings,448.552,-19.839799999999997,89.7104,Declining,99
Belkin Standard 104 key USB Keyboard,Technology,Accessories,195.50599999999997,-2.51214793389404e-15,65.16866666666665,Declining,55
Plantronics CordlessÂ Phone HeadsetÂ with In-line Volume - M214C,Technology,Phones,664.05,192.22499999999994,221.35,Growing,5
"Executive Impressions 13"" Clairmont Wall Clock",Furniture,Furnishings,203.83800000000002,3.4614000000000016,50.959500000000006,Growing,58
"3M Polarizing Task Lamp with Clamp Arm, Light Gray",Furniture,Furnishings,1369.8,-273.9599999999999,456.59999999999997,Declining,131
Avery Recycled Flexi-View Covers for Binding Systems,Office Supplies,Binders,109.004,-5.129600000000001,27.251,Declining,261
Acco Hot Clips Clips to Go,Office Supplies,Fasteners,26.32,-1.3159999999999992,8.773333333333333,Declining,209
Satellite Sectional Post Binders,Office Supplies,Binders,746.652,86.82000000000002,149.3304,Growing,9
Belkin 8 Outlet Surge Protector,Office Supplies,Appliances,565.524,20.490000000000016,188.508,Growing,39
Binder Clips by OIC,Office Supplies,Fasteners,18.944,-0.23679999999999987,4.736,Declining,183
X-Rack File for Hanging Folders,Office Supplies,Storage,214.51,4.193428571428572,35.751666666666665,Growing,104
"ACCOHIDE 3-Ring Binder, Blue, 1""",Office Supplies,Binders,70.21,2.9028,11.701666666666666,Growing,121
Bevis 36 x 72 Conference Tables,Furniture,Tables,2290.616,134.44920000000002,458.1232,Growing,16
Logitech Wireless Headset h800,Technology,Accessories,1079.892,-99.98999999999998,359.964,Declining,96
Hewlett Packard LaserJet 3310 Copier,Technology,Copiers,8159.864,1799.9699999999993,2719.9546666666665,Growing,1
"Green Canvas Binder for 8-1/2"" x 14"" Sheets",Office Supplies,Binders,432.28000000000003,37.236,108.07000000000001,Growing,22
"Situations Contoured Folding Chairs, 4/Set",Furniture,Chairs,1696.422,29.40599999999999,242.346,Growing,39
Hon 2111 Invitation Series Corner Table,Furniture,Tables,2763.684,251.24399999999986,921.2280000000001,Growing,9
"Wilson Jones Ledger-Size, Piano-Hinge Binder, 2"", Blue",Office Supplies,Binders,651.582,-22.597542857142862,108.597,Declining,310
SanDisk Ultra 64 GB MicroSDHC Class 10 Memory Card,Technology,Accessories,735.816,27.193199999999987,183.954,Growing,31
Globe Weis Peel & Seel First Class Envelopes,Office Supplies,Envelopes,311.832,26.326799999999995,62.3664,Growing,27
Sharp AL-1530CS Digital Copier,Technology,Copiers,5199.896000000001,-8.038873388460928e-14,1733.2986666666668,Declining,59
JBL Micro Wireless Portable Bluetooth Speaker,Technology,Phones,527.912,-7.1988,131.978,Declining,66
Memorex Froggy Flash Drive 4 GB,Technology,Accessories,101.108,1.7583999999999993,25.277,Growing,49
Nontoxic Chalk,Office Supplies,Art,28.864,2.1823999999999995,7.216,Growing,128
Black & Decker Filter for Double Action Dustbuster Cordless Vac BLDV7210,Office Supplies,Appliances,171.156,17.115599999999993,42.789,Growing,47
"Snap-A-Way Black Print Carbonless Ruled Speed Letter, Triplicate",Office Supplies,Paper,447.69199999999995,3.7940000000000027,149.23066666666665,Growing,109
Carina Double Wide Media Storage Towers in Natural & Black,Office Supplies,Storage,1052.74,-53.446799999999996,263.185,Declining,339
"Hunt PowerHouse Electric Pencil Sharpener, Blue",Office Supplies,Art,1230.5520000000001,-38.19702857142858,205.092,Declining,328
"Hon Deluxe Fabric Upholstered Stacking Chairs, Rounded Back",Furniture,Chairs,8148.932000000001,-27.883428571428556,1164.133142857143,Declining,105
GBC ProClick Punch Binding System,Office Supplies,Binders,627.004,38.38799999999997,209.00133333333335,Growing,21
"Companion Letter/Legal File, Black",Office Supplies,Storage,347.392,83.07199999999997,115.79733333333333,Growing,10
Avery 492,Office Supplies,Labels,21.887999999999998,-2.879999999999998,7.295999999999999,Declining,234
Samsung HM1900 Bluetooth Headset,Technology,Phones,280.96,7.023999999999997,70.24,Growing,42
Xerox 1964,Office Supplies,Paper,356.304,68.51999999999998,118.76799999999999,Growing,14
Newell 312,Office Supplies,Art,120.30399999999999,1.1680000000000006,24.0608,Growing,153
Memorex Micro Travel Drive 8 GB,Technology,Accessories,184.6,3.3799999999999994,36.92,Growing,46
Sony Micro Vault Click 16 GB USB 2.0 Flash Drive,Technology,Accessories,839.8499999999999,19.0366,167.96999999999997,Growing,34
Boston 1645 Deluxe Heavier-Duty Electric Pencil Sharpener,Office Supplies,Art,765.252,22.869600000000013,153.0504,Growing,33
Square Credit Card Reader,Technology,Phones,105.894,12.587399999999999,26.4735,Growing,36
DXL Angle-View Binders with Locking Rings by Samsill,Office Supplies,Binders,82.497,0.8480999999999995,20.62425,Growing,159
Bevis 44 x 96 Conference Tables,Furniture,Tables,2223.7200000000003,-514.7499999999998,741.2400000000001,Declining,135
Staple remover,Office Supplies,Supplies,131.848,-2.429485714285714,21.974666666666668,Declining,224
Xerox 1895,Office Supplies,Paper,56.212,1.7939999999999992,18.737333333333336,Growing,136
"Perma STOR-ALL Hanging File Box, 13 1/8""W x 12 1/4""D x 10 1/2""H",Office Supplies,Storage,162.65599999999998,-1.1618285714285719,27.109333333333336,Declining,204
Wilson Jones Leather-Like Binders with DublLock Round Rings,Office Supplies,Binders,133.56900000000002,-2.712535714285716,16.696125000000002,Declining,232
Prang Drawing Pencil Set,Office Supplies,Art,45.592,-0.7227999999999998,9.1184,Declining,192
"Bush Heritage Pine Collection 5-Shelf Bookcase, Albany Pine Finish, *Special Order",Furniture,Bookcases,711.9490000000001,59.916499999999964,237.31633333333335,Growing,27
Xerox 21,Office Supplies,Paper,36.288000000000004,-2.5919999999999983,12.096000000000002,Declining,226
Avery Hole Reinforcements,Office Supplies,Binders,74.137,6.416899999999999,18.53425,Growing,84
Great White Multi-Use Recycled Paper (20Lb. and 84 Bright),Office Supplies,Paper,33.488,1.7939999999999992,11.162666666666667,Growing,136
Cisco Unified IP Phone 7945G VoIP phone,Technology,Phones,3546.296,136.39600000000002,1182.0986666666665,Growing,6
Ibico Ibimaster 300 Manual Binding System,Office Supplies,Binders,4857.468000000001,-191.35479999999995,1214.3670000000002,Declining,358
Tennsco 6- and 18-Compartment Lockers,Office Supplies,Storage,5674.637999999999,68.9442,1134.9275999999998,Growing,13
Alphabetical Labels for Top Tab Filing,Office Supplies,Labels,201.28,-24.271999999999995,50.32,Declining,313
Rosewill 107 Normal Keys USB Wired Standard Keyboard,Technology,Accessories,105.14399999999999,-25.611999999999988,35.047999999999995,Declining,80
Xerox 210,Office Supplies,Paper,38.88,-2.5919999999999987,12.96,Declining,227
"Decoflex Hanging Personal Folder File, Blue",Office Supplies,Storage,246.72,-12.335999999999997,61.68,Declining,298
Xerox 1912,Office Supplies,Paper,163.142,-32.24899999999998,54.38066666666666,Declining,319
Xerox 195,Office Supplies,Paper,66.8,14.695999999999998,22.266666666666666,Growing,49
Astroparche Fine Business Paper,Office Supplies,Paper,119.328,7.814400000000002,23.8656,Growing,74
Acco Perma 3000 Stacking Storage Drawers,Office Supplies,Storage,180.428,-41.95999999999999,60.14266666666666,Declining,332
"Howard Miller 11-1/2"" Diameter Ridgewood Wall Clock",Furniture,Furnishings,934.92,114.26799999999996,233.73,Growing,19
Wilson Electronics DB Pro Signal Booster,Technology,Phones,5298.4,-100.23999999999997,1059.6799999999998,Declining,97
"LF Elite 3D Dazzle Designer Hard Case Cover, Lf Stylus Pen and Wiper For Apple Iphone 5c Mini Lite",Technology,Phones,119.9,-7.629999999999998,29.975,Declining,67
Bestar Classic Bookcase,Furniture,Bookcases,972.9027,-65.29346999999999,243.22567500000002,Declining,113
"Dot Matrix Printer Tape Reel Labels, White, 5000/Box",Office Supplies,Labels,2398.764,92.4114,479.75280000000004,Growing,7
Tuff Stuff Recycled Round Ring Binders,Office Supplies,Binders,31.330000000000002,-1.0604000000000002,6.266,Declining,199
GuestStacker Chair with Chrome Finish Legs,Furniture,Chairs,5576.4,-468.4176,1394.1,Declining,134
Kensington 6 Outlet Guardian Standard Surge Protector,Office Supplies,Appliances,266.24,-6.143999999999999,66.56,Declining,269
"Premier Elliptical Ring Binder, Black",Office Supplies,Binders,267.872,1.3915428571428567,44.64533333333333,Growing,147
Westinghouse Clip-On Gooseneck Lamps,Furniture,Furnishings,170.74800000000002,-11.383200000000004,34.14960000000001,Declining,92
Cisco 8x8 Inc. 6753i IP Business Phone System,Technology,Phones,1619.88,-13.498999999999938,539.96,Declining,70
"#10- 4 1/8"" x 9 1/2"" Security-Tint Envelopes",Office Supplies,Envelopes,97.79200000000002,0.26194285714285737,16.29866666666667,Growing,169
GBC Personal VeloBind Strips,Office Supplies,Binders,79.068,22.761999999999993,26.355999999999998,Growing,34
Xerox 4200 Series MultiUse Premium Copy Paper (20Lb. and 84 Bright),Office Supplies,Paper,51.744,-2.6399999999999997,17.248,Declining,230
Hon Every-Day Series Multi-Task Chairs,Furniture,Chairs,3740.802,-129.7062,748.1604,Declining,124
Jabra SPEAK 410,Technology,Phones,1560.234,28.197000000000013,520.078,Growing,28
"Southworth 100% RÃ©sumÃ© Paper, 24lb.",Office Supplies,Paper,210.06,-11.67,70.02,Declining,295
"Xerox Color Copier Paper, 11"" x 17"", Ream",Office Supplies,Paper,296.92,-1.88411095042053e-15,98.97333333333334,Declining,179
Poly Designer Cover & Back,Office Supplies,Binders,305.739,2.848500000000003,76.43475,Growing,122
"DAX Value U-Channel Document Frames, Easel Back",Furniture,Furnishings,69.58,7.454999999999997,23.19333333333333,Growing,55
Wilson Jones Turn Tabs Binder Tool for Ring Binders,Office Supplies,Binders,141.226,3.873214285714285,20.175142857142855,Growing,108
Fellowes Neat Ideas Storage Cubes,Office Supplies,Storage,337.792,-2.5983999999999994,84.448,Declining,229
Avery 483,Office Supplies,Labels,67.72800000000001,-0.8963999999999995,13.545600000000002,Declining,195
Eldon Wave Desk Accessories,Furniture,Furnishings,149.68,17.184000000000005,29.936,Growing,46
Stockwell Push Pins,Office Supplies,Fasteners,35.752,0.0,8.938,Declining,176
Jawbone JAMBOX Wireless Bluetooth Speaker,Technology,Phones,2022.272,-63.19599999999994,674.0906666666666,Declining,90
AT&T SB67148 SynJ,Technology,Phones,475.128,-1.004859173557616e-14,158.376,Declining,57
"Deflect-o EconoMat Studded, No Bevel Mat for Low Pile Carpeting",Furniture,Furnishings,826.4000000000001,0.5902857142857123,118.05714285714285,Growing,66
Avery Arch Ring Binders,Office Supplies,Binders,458.99,-38.927,114.7475,Declining,329
SanDisk Cruzer 64 GB USB Flash Drive,Technology,Accessories,661.024,118.40319999999998,165.256,Growing,8
Xerox 1881,Office Supplies,Paper,294.71999999999997,-7.718857142857142,49.12,Declining,280
Newell 3-Hole Punched Plastic Slotted Magazine Holders for Binders,Office Supplies,Binders,34.732,-2.284999999999999,11.577333333333334,Declining,223
Global Commerce Series High-Back Swivel/Tilt Chairs,Furniture,Chairs,4759.166,-213.73499999999993,1189.7915,Declining,129
Cisco SPA508G,Technology,Phones,659.9,-2.51214793389404e-15,219.96666666666667,Declining,55
Polycom VVX 310 VoIP phone,Technology,Phones,1727.904,71.99600000000004,575.968,Growing,17
Xerox 200,Office Supplies,Paper,49.248000000000005,1.2959999999999992,16.416,Growing,151
"Vinyl Coated Wire Paper Clips in Organizer Box, 800/Box",Office Supplies,Fasteners,114.8,11.479999999999997,38.266666666666666,Growing,60
"Deflect-o DuraMat Lighweight, Studded, Beveled Mat for Low Pile Carpeting",Furniture,Furnishings,358.26,1.25607396694702e-15,119.42,Growing,69
Fellowes High-Stak Drawer Files,Office Supplies,Storage,2114.28,-7.047599999999989,422.85600000000005,Declining,276
Global Enterprise Series Seating High-Back Swivel/Tilt Chairs,Furniture,Chairs,1463.2920000000001,-27.09799999999999,487.76400000000007,Declining,102
DAX Cubicle Frames - 8x10,Furniture,Furnishings,92.32,-25.964999999999993,30.77333333333333,Declining,101
WD My Passport Ultra 1TB Portable External Hard Drive,Technology,Accessories,786.6,-70.37999999999998,196.65,Declining,91
"Atlantic Metals Mobile 3-Shelf Bookcases, Custom Colors",Furniture,Bookcases,2714.192,521.9599999999999,904.7306666666667,Growing,2
"BIC Brite Liner Grip Highlighters, Assorted, 5/Pack",Office Supplies,Art,50.88,5.087999999999996,16.96,Growing,92
"Boston Electric Pencil Sharpener, Model 1818, Charcoal Black",Office Supplies,Art,225.2,-2.252000000000002,56.3,Declining,222
"Global Airflow Leather Mesh Back Chair, Black",Furniture,Chairs,1404.114,-37.74499999999998,468.038,Declining,110
"Wirebound Message Book, 4 per Page",Office Supplies,Paper,59.73,2.715,19.91,Growing,123
Geemarc AmpliPOWER60,Technology,Phones,1540.4799999999998,73.70971428571427,256.7466666666666,Growing,16
DAX Wood Document Frame.,Furniture,Furnishings,115.332,35.697999999999986,38.443999999999996,Growing,36
50 Colored Long Pencils,Office Supplies,Art,87.376,-2.2351999999999994,21.844,Declining,221
"Stur-D-Stor Shelving, Vertical 5-Shelf: 72""H x 36""W x 18 1/2""D",Office Supplies,Storage,1220.78,-166.4699999999999,406.9266666666667,Declining,356
"Global Geo Office Task Chair, Gray",Furniture,Chairs,534.4680000000001,-32.392,178.15599999999998,Declining,108
Xerox 213,Office Supplies,Paper,55.728,-11.015999999999995,18.576,Declining,292
AT&T 1080 Corded phone,Technology,Phones,1452.094,-52.056200000000004,290.41880000000003,Declining,88
O'Sullivan Living Dimensions 2-Shelf Bookcases,Furniture,Bookcases,1028.33,102.83299999999994,342.77666666666664,Growing,21
Recycled Pressboard Report Cover with Reinforced Top Hinge,Office Supplies,Binders,26.809,-5.652499999999998,8.936333333333334,Declining,264
"Bevis Traditional Conference Table Top, Plinth Base",Furniture,Tables,2033.496,116.67599999999997,677.832,Growing,18
Fluorescent Highlighters by Dixon,Office Supplies,Art,58.903999999999996,0.7959999999999996,19.634666666666664,Growing,162
Hon 5100 Series Wood Tables,Furniture,Tables,3840.9359999999997,395.73279999999994,960.2339999999999,Growing,4
BlackBerry Q10,Technology,Phones,1814.2559999999999,37.79699999999999,604.752,Growing,24
Avery 501,Office Supplies,Labels,42.804,1.4760000000000006,8.5608,Growing,145
Bulldog Vacuum Base Pencil Sharpener,Office Supplies,Art,199.034,27.57699999999999,66.34466666666667,Growing,26
"Performers Binder/Pad Holder, Black",Office Supplies,Binders,476.51,-20.66211428571429,79.41833333333334,Declining,306
Wilson Jones Impact Binders,Office Supplies,Binders,19.683999999999997,2.5899999999999994,6.561333333333333,Growing,126
Xerox 220,Office Supplies,Paper,89.424,3.7584000000000004,17.884800000000002,Growing,110
Avery Fluorescent Highlighter Four-Color Set,Office Supplies,Art,24.048000000000002,0.8016,6.0120000000000005,Growing,161
ImationÂ 16GB Mini TravelDrive USB 2.0Â Flash Drive,Technology,Accessories,523.454,12.589400000000001,104.6908,Growing,35
"Eldon Image Series Desk Accessories, Burgundy",Furniture,Furnishings,86.10799999999999,0.02388571428571429,14.351333333333331,Growing,67
GBC DocuBind 300 Electric Binding Machine,Office Supplies,Binders,4155.242,615.3965999999999,1038.8105,Growing,2
Longer-Life Soft White Bulbs,Furniture,Furnishings,36.96,1.8479999999999999,9.24,Growing,62
Bretford Rectangular Conference Table Tops,Furniture,Tables,5435.0785,-957.2508499999996,1358.769625,Declining,137
Global Deluxe Steno Chair,Furniture,Chairs,461.88,15.396000000000003,153.96,Growing,48
"Atlantic Metals Mobile 5-Shelf Bookcases, Custom Colors",Furniture,Bookcases,3470.2994,-351.84561999999994,867.57485,Declining,132
"XtraLife ClearVue Slant-D Ring Binder, White, 3""",Office Supplies,Binders,286.26,-7.077857142857142,40.894285714285715,Declining,277
Panasonic KP-380BK Classic Electric Pencil Sharpener,Office Supplies,Art,546.8960000000001,4.317599999999999,136.72400000000002,Growing,100
"Acme 10"" Easy Grip Assistive Scissors",Office Supplies,Supplies,140.24,17.529999999999994,46.74666666666667,Growing,46
"GBC Twin Loop Wire Binding Elements, 9/16"" Spine, Black",Office Supplies,Binders,140.024,5.479200000000001,35.006,Growing,88
Avery Poly Binder Pockets,Office Supplies,Binders,53.7,7.231599999999999,13.425,Growing,79
Deflect-o Glass Clear Studded Chair Mats,Furniture,Furnishings,1119.24,217.6299999999999,373.08,Growing,11
Deluxe Heavy-Duty Vinyl Round Ring Binder,Office Supplies,Binders,279.624,-32.54639999999999,69.906,Declining,321
Cisco SPA301,Technology,Phones,1466.306,12.47919999999999,293.26120000000003,Growing,37
Hon Comfortask Task/Swivel Chairs,Furniture,Chairs,1082.81,17.096999999999976,360.93666666666667,Growing,47
"Brites Rubber Bands, 1 1/2 oz. Box",Office Supplies,Fasteners,13.068000000000001,1.3859999999999997,4.356000000000001,Growing,148
SanDisk Ultra 32 GB MicroSDHC Class 10 Memory Card,Technology,Accessories,344.76,21.215999999999998,68.952,Growing,32
Plantronics MX500i Earset,Technology,Phones,300.65,42.94999999999998,100.21666666666665,Growing,22
Avoid Verbal Orders Carbonless Minifold Book,Office Supplies,Paper,41.236,-1.3519999999999992,13.745333333333333,Declining,210
"Iceberg OfficeWorks 42"" Round Tables",Furniture,Tables,1811.76,75.48999999999997,603.92,Growing,25
Global Highback Leather Tilter in Burgundy,Furniture,Chairs,891.702,-27.296999999999986,297.234,Declining,103
Cush Cases Heavy Duty Rugged Cover Case for Samsung Galaxy S5 - Purple,Technology,Phones,30.689999999999998,-0.297,7.672499999999999,Declining,60
Tennsco Industrial Shelving,Office Supplies,Storage,929.29,14.673,185.858,Growing,50
"Wirebound Message Books, Four 2 3/4"" x 5"" Forms per Page, 600 Sets per Book",Office Supplies,Paper,116.802,4.634999999999998,29.200499999999998,Growing,97
"SAFCO Mobile Desk Side File, Wire Frame",Office Supplies,Storage,256.56,0.0,85.52,Declining,176
Avery 505,Office Supplies,Labels,192.39999999999998,14.504000000000001,48.099999999999994,Growing,51
Speck Products Candyshell Flip Case,Technology,Phones,160.954,-3.498999999999996,53.65133333333333,Declining,62
Aluminum Screw Posts,Office Supplies,Binders,146.496,9.156,29.299200000000003,Growing,69
"Global Wood Trimmed Manager's Task Chair, Khaki",Furniture,Chairs,1337.4060000000002,-115.54459999999996,334.35150000000004,Declining,122
Hon 4070 Series Pagoda Armless Upholstered Stacking Chairs,Furniture,Chairs,2333.84,525.1139999999998,777.9466666666667,Growing,1
Things To Do Today Pad,Office Supplies,Paper,36.394,4.108999999999998,12.131333333333332,Growing,106
24-Hour Round Wall Clock,Furniture,Furnishings,259.74,-69.92999999999998,86.58,Declining,116
Ibico Presentation Index for Binding Systems,Office Supplies,Binders,26.268,4.775999999999999,8.756,Growing,94
"Important Message Pads, 50 4-1/4 x 5-1/2 Forms per Pad",Office Supplies,Paper,42.0,9.239999999999997,14.0,Growing,68
Xerox 202,Office Supplies,Paper,90.72,-1.2960000000000003,22.68,Declining,207
Pressboard Hanging Data Binders for Unburst Sheets,Office Supplies,Binders,48.708,-2.213999999999999,12.177,Declining,218
Eldon ProFile File 'N Store Portable File Tub Letter/Legal Size Black,Office Supplies,Storage,393.924,-111.99799999999995,131.308,Declining,353
Aastra 6757i CT Wireless VoIP phone,Technology,Phones,1034.112,43.087999999999994,344.704,Growing,21
GBC Premium Transparent Covers with Diagonal Lined Pattern,Office Supplies,Binders,314.70000000000005,-31.469999999999995,104.90000000000002,Declining,317
"Global Armless Task Chair, Royal Blue",Furniture,Chairs,1000.0719999999999,47.564400000000006,250.01799999999997,Growing,29
Wilson Jones Standard D-Ring Binders,Office Supplies,Binders,19.734,-4.5539999999999985,6.578,Declining,253
Coloredge Poster Frame,Furniture,Furnishings,227.2,21.29999999999999,75.73333333333333,Growing,45
"Global Leather Highback Executive Chair with Pneumatic Height Adjustment, Black",Furniture,Chairs,2070.094,-138.67619999999997,517.5235,Declining,125
Eldon Antistatic Chair Mats for Low to Medium Pile Carpets,Furniture,Furnishings,905.494,178.99299999999997,301.83133333333336,Growing,13
"White Business Envelopes with Contemporary Seam, Recycled White Business Envelopes",Office Supplies,Envelopes,150.97199999999998,12.033999999999997,50.32399999999999,Growing,59
Eldon Gobal File Keepers,Office Supplies,Storage,187.736,-10.598,62.57866666666666,Declining,291
Sterilite Officeware Hinged File Box,Office Supplies,Storage,117.376,-0.8384000000000006,29.344,Declining,194
Iceberg Mobile Mega Data/Printer Cart,Office Supplies,Storage,1780.8839999999998,105.89039999999997,445.22099999999995,Growing,5
"Avery Durable Slant Ring Binders, No Labels",Office Supplies,Binders,81.988,1.250857142857143,13.664666666666667,Growing,152
"Holmes Replacement Filter for HEPA Air Cleaner, Very Large Room, HEPA Filter",Office Supplies,Appliances,433.50300000000004,-14.4501,108.37575000000001,Declining,302
Office Star - Ergonomically Designed Knee Chair,Furniture,Chairs,882.6820000000001,-7.288200000000003,220.67050000000003,Declining,85
Microsoft Natural Ergonomic Keyboard 4000,Technology,Accessories,257.914,35.987999999999985,85.97133333333333,Growing,25
ImationÂ 8gb Micro Traveldrive Usb 2.0Â Flash Drive,Technology,Accessories,93.0,10.499999999999996,31.0,Growing,39
Office Star - Mid Back Dual function Ergonomic High Back Chair with 2-Way Adjustable Arms,Furniture,Chairs,3171.306,-144.88199999999992,1057.102,Declining,126
Logitech Trackman Marble Mouse,Technology,Accessories,419.86,2.383232787117382e-15,104.965,Growing,53
"Verbatim 25 GB 6x Blu-ray Single Layer Recordable Disc, 25/Pack",Technology,Accessories,174.724,27.587999999999994,58.24133333333333,Growing,30
GBC DocuBind P50 Personal Binding Machine,Office Supplies,Binders,697.3820000000001,28.79099999999997,232.4606666666667,Growing,24
Xerox 1935,Office Supplies,Paper,538.152,-4.220799999999994,134.538,Declining,249
Panasonic KX-TG6844B Expandable Digital Cordless Telephone,Technology,Phones,607.1080000000001,92.38599999999998,202.36933333333332,Growing,11
Hoover Shoulder Vac Commercial Portable Vacuum,Office Supplies,Appliances,1502.844,35.782,500.94800000000004,Growing,23
GBC Prestige Therm-A-Bind Covers,Office Supplies,Binders,473.478,13.037799999999997,118.3695,Growing,54
Staple-based wall hangings,Furniture,Furnishings,194.82800000000003,2.713028571428571,32.47133333333333,Growing,59
"Wirebound Message Books, Two 4 1/4"" x 5"" Forms per Page",Office Supplies,Paper,45.660000000000004,-11.414999999999994,15.22,Declining,293
Avery Premier Heavy-Duty Binder with Round Locking Rings,Office Supplies,Binders,42.839999999999996,-5.711999999999999,14.28,Declining,266
Logitech G19 Programmable Gaming Keyboard,Technology,Accessories,3099.75,99.192,619.95,Growing,9
Xerox 1908,Office Supplies,Paper,649.3679999999999,-111.95999999999995,216.456,Declining,352
"DataProducts Ampli Magnifier Task Lamp, Black,",Furniture,Furnishings,243.54000000000002,35.178,81.18,Growing,37
SpineVue Locking Slant-D Ring Binders by Cardinal,Office Supplies,Binders,30.162,3.1989999999999994,10.054,Growing,115
GBC Ibimaster 500 Manual ProClick Binding System,Office Supplies,Binders,4718.076000000001,-258.7332,1179.5190000000002,Declining,360
"DAX Two-Tone Rosewood/Black Document Frame, Desktop, 5 x 7",Furniture,Furnishings,54.984,-6.635999999999997,18.328,Declining,83
Cisco SPA525G2 IP Phone - Wireless,Technology,Phones,163.59,1.9949999999999917,54.53,Growing,48
36X48 HARDFLOOR CHAIRMAT,Furniture,Furnishings,159.44799999999998,25.176,53.149333333333324,Growing,43
"DAX Charcoal/Nickel-Tone Document Frame, 5 x 7",Furniture,Furnishings,60.672,7.583999999999996,20.224,Growing,53
HP Standard 104 key PS/2 Keyboard,Technology,Accessories,194.3,4.349999999999999,64.76666666666667,Growing,44
"Eldon Expressions Wood Desk Accessories, Oak",Furniture,Furnishings,64.944,-1.1807999999999998,12.988800000000001,Declining,71
"Sauder Camden County Collection Libraries, Planked Cherry Finish",Furniture,Bookcases,1098.059,83.36049999999997,366.01966666666664,Growing,23
"Belkin 325VA UPS Surge Protector, 6'",Office Supplies,Appliances,1016.2320000000001,-72.588,338.744,Declining,343
"Wilson Jones 1"" Hanging DublLock Ring Binders",Office Supplies,Binders,62.832,-7.127999999999999,20.944,Declining,278
Avery 476,Office Supplies,Labels,36.344,-3.7169999999999983,12.114666666666666,Declining,243
Insertable Tab Post Binder Dividers,Office Supplies,Binders,23.258000000000003,-2.005,7.752666666666667,Declining,216
Acme Titanium Bonded Scissors,Office Supplies,Supplies,69.7,-5.099999999999998,23.233333333333334,Declining,260
Hanging Personal Folder File,Office Supplies,Storage,219.8,-0.6279999999999989,54.95,Declining,189
"GBC White Gloss Covers, Plain Front",Office Supplies,Binders,246.16,-4.344000000000004,61.54,Declining,251
"Executive Impressions 14"" Contract Wall Clock",Furniture,Furnishings,235.63800000000003,10.225799999999996,58.90950000000001,Growing,51
Xerox 188,Office Supplies,Paper,129.276,7.484399999999999,32.319,Growing,77
Xerox 1920,Office Supplies,Paper,53.82000000000001,-11.959999999999994,17.94,Declining,296
Newell 310,Office Supplies,Art,15.488000000000001,1.7600000000000002,5.162666666666667,Growing,138
Newell 333,Office Supplies,Art,38.92,-2.2239999999999998,9.73,Declining,219
Xerox 1906,Office Supplies,Paper,637.9200000000001,102.77599999999994,212.64,Growing,6
GBC Plasticlear Binding Covers,Office Supplies,Binders,30.996,6.887999999999999,10.331999999999999,Growing,80
"SlimView Poly Binder, 3/8""",Office Supplies,Binders,87.542,-20.978999999999996,29.180666666666667,Declining,307
"Howard Miller 16"" Diameter Gallery Wall Clock",Furniture,Furnishings,447.58,1.004859173557616e-14,149.19333333333333,Growing,68
Acco Hanging Data Binders,Office Supplies,Binders,24.384,4.571999999999998,8.128,Growing,98
LogitechÂ VX Revolution Cordless Laser Mouse for Notebooks (Black),Technology,Accessories,2951.8360000000002,-593.9669999999998,983.9453333333335,Declining,107
Global Low Back Tilter Chair,Furniture,Chairs,858.3299999999999,12.117600000000012,171.666,Growing,50
"Belkin 19"" Vented Equipment Shelf, Black",Office Supplies,Storage,586.872,-50.450399999999995,146.718,Declining,334
Hewlett Packard 610 Color Digital Copier / Printer,Technology,Copiers,3999.92,79.99840000000002,999.98,Growing,13
Xerox 1960,Office Supplies,Paper,570.0319999999999,-52.66599999999999,190.01066666666665,Declining,336
Microsoft Sculpt Comfort Mouse,Technology,Accessories,759.05,-6.620285714285714,126.50833333333333,Declining,65
Xerox 192,Office Supplies,Paper,71.28,-3.2399999999999993,23.76,Declining,238
Razer Kraken PRO Over Ear PC and Music Headset,Technology,Accessories,1311.8359999999998,-407.9489999999999,437.2786666666666,Declining,105
Chromcraft Round Conference Tables,Furniture,Tables,4130.673,110.05168571428571,688.4454999999999,Growing,20
Avery 50,Office Supplies,Labels,235.564,-0.250599999999997,47.1128,Declining,184
KeyTronicÂ E03601U1 -Â KeyboardÂ - Beige,Technology,Accessories,234.0,-19.799999999999994,58.5,Declining,76
Bretford CR8500 Series Meeting Room Furniture,Furniture,Tables,1884.606,60.14699999999999,628.202,Growing,26
Rubber Band Ball,Office Supplies,Fasteners,47.124,-10.097999999999997,15.708,Declining,287
Safco Contoured Stacking Chairs,Furniture,Chairs,1525.76,333.76,508.58666666666664,Growing,5
Xerox 1886,Office Supplies,Paper,651.4399999999999,22.992,130.28799999999998,Growing,32
Avery Hanging File Binders,Office Supplies,Binders,77.142,6.757399999999998,19.2855,Growing,81
"White Envelopes, White Envelopes with Clear Poly Window",Office Supplies,Envelopes,76.25,-4.574999999999998,25.416666666666668,Declining,254
Digium D40 VoIP phone,Technology,Phones,2218.628,-119.40788571428574,369.77133333333336,Declining,98
Pressboard Data Binders by Wilson Jones,Office Supplies,Binders,37.38,-4.271999999999997,12.46,Declining,250
"Wirebound Message Books, Four 2 3/4 x 5 Forms per Page, 200 Sets per Book",Office Supplies,Paper,80.136,-3.625199999999999,20.034,Declining,242
"Sanford Colorific Colored Pencils, 12/Box",Office Supplies,Art,35.711999999999996,0.5759999999999985,11.903999999999998,Growing,166
Xerox 1997,Office Supplies,Paper,81.648,11.015999999999998,27.215999999999998,Growing,61
Nortel Meridian M3904 Professional Digital phone,Technology,Phones,1570.698,-138.59099999999998,523.566,Declining,100
VTech DS6151,Technology,Phones,1814.2560000000003,70.55439999999997,453.564,Growing,18
Global Ergonomic Managers Chair,Furniture,Chairs,1122.076,-18.098000000000006,280.519,Declining,97
Acrylic Self-Standing Desk Frames,Furniture,Furnishings,46.458,-1.3349999999999975,15.485999999999999,Declining,72
"Binney & Smith inkTank Desk Highlighter, Chisel Tip, Yellow, 12/Box",Office Supplies,Art,12.899999999999999,0.42999999999999977,4.3,Growing,168
"Tenex Traditional Chairmats for Medium Pile Carpet, Standard Lip, 36"" x 48""",Furniture,Furnishings,739.93,24.25999999999997,246.64333333333332,Growing,44
Newell 314,Office Supplies,Art,50.22,-8.369999999999996,16.74,Declining,282
Belkin 5 Outlet SurgeMaster Power Centers,Office Supplies,Appliances,305.088,-54.47999999999998,101.69600000000001,Declining,340
"Wilson Jones Elliptical Ring 3 1/2"" Capacity Binders, 800 sheets",Office Supplies,Binders,410.88,-22.256,102.72,Declining,309
Wilson Jones Active Use Binders,Office Supplies,Binders,74.256,-8.299199999999995,18.564,Declining,281
GBC Recycled VeloBinder Covers,Office Supplies,Binders,328.872,-28.797600000000006,82.218,Declining,315
Prismacolor Color Pencil Set,Office Supplies,Art,269.824,12.697600000000001,67.456,Growing,58
Advantus Map Pennant Flags and Round Head Tacks,Office Supplies,Fasteners,52.14,-3.95,17.38,Declining,244
KI Conference Tables,Furniture,Tables,843.5909999999999,-49.62299999999996,281.19699999999995,Declining,111
Avery File Folder Labels,Office Supplies,Labels,28.223999999999997,1.5552,7.055999999999999,Growing,143
AmazonBasics 3-Button USB Wired Mouse,Technology,Accessories,53.123999999999995,1.397999999999999,17.708,Growing,50
Xerox 1978,Office Supplies,Paper,72.828,3.1212000000000004,18.207,Growing,118
Bush Advantage Collection Racetrack Conference Table,Furniture,Tables,2205.892,-381.78899999999993,735.2973333333333,Declining,133
Acco Suede Grain Vinyl Round Ring Binder,Office Supplies,Binders,17.514,3.4749999999999996,4.3785,Growing,111
Manco Dry-Lighter Erasable Highlighter,Office Supplies,Art,54.71999999999999,-12.159999999999998,18.24,Declining,297
"Belkin 19"" Center-Weighted Shelf, Gray",Office Supplies,Storage,707.76,-58.97999999999997,235.92,Declining,341
Xerox 1894,Office Supplies,Paper,127.00800000000001,12.959999999999999,42.336000000000006,Growing,56
Letter Size Cart,Office Supplies,Storage,2114.328,-102.85919999999994,528.582,Declining,348
"Memorex 25GB 6X Branded Blu-Ray Recordable Disc, 15/Pack",Technology,Accessories,210.676,-30.581999999999987,70.22533333333332,Declining,83
Xerox 201,Office Supplies,Paper,97.19999999999999,-5.054399999999999,24.299999999999997,Declining,259
Staples in misc. colors,Office Supplies,Art,182.576,10.391771428571428,30.429333333333332,Growing,64
Permanent Self-Adhesive File Folder Labels for Typewriters by Universal,Office Supplies,Labels,20.88,3.9149999999999983,6.96,Growing,107
Xerox 1883,Office Supplies,Paper,400.976,-36.93199999999999,133.65866666666668,Declining,327
Avery 486,Office Supplies,Labels,95.03,-2.193,23.7575,Declining,217
"Adams Phone Message Book, 200 Message Capacity, 8 1/16â x 11â",Office Supplies,Paper,199.52,-4.914285714285715,33.25333333333334,Declining,257
Canon PC-428 Personal Copier,Technology,Copiers,2559.872,-159.99199999999996,853.2906666666667,Declining,102
Kensington 4 Outlet MasterPiece Compact Power Control Center,Office Supplies,Appliances,1301.12,-5.02429586778808e-15,433.70666666666665,Declining,181
Global Chrome Stack Chair,Furniture,Chairs,623.896,-14.397599999999999,124.77919999999999,Declining,95
Xerox 222,Office Supplies,Paper,72.576,-5.7024,18.144,Declining,265
Hon 2090 âPillow Softâ Series Mid Back Swivel/Tilt Chairs,Furniture,Chairs,2472.624,-112.39200000000001,824.208,Declining,121
GBC Standard Plastic Binding Systems' Combs,Office Supplies,Binders,58.403999999999996,2.0096000000000003,11.6808,Growing,131
3M Organizer Strips,Office Supplies,Binders,61.56,1.6199999999999999,12.312000000000001,Growing,142
"Howard Miller 13-3/4"" Diameter Brushed Chrome Round Wall Clock",Furniture,Furnishings,527.85,-69.34499999999998,131.9625,Declining,115
Tuf-Vin Binders,Office Supplies,Binders,341.064,-91.58199999999997,113.688,Declining,346
"Lesro Sheffield Collection Coffee Table, End Table, Center Table, Corner Table",Furniture,Tables,1056.276,42.82199999999997,352.09200000000004,Growing,32
LogitechÂ LS21 Speaker System - PC Multimedia - 2.1-CH - Wired,Technology,Accessories,79.96,9.994999999999997,26.653333333333332,Growing,40
Avery 503,Office Supplies,Labels,124.19999999999999,5.174999999999995,41.4,Growing,89
Bevis Rectangular Conference Tables,Furniture,Tables,861.2819999999999,-7.298999999999992,287.094,Declining,86
Maxell 4.7GB DVD+RW 3/Pack,Technology,Accessories,238.95,-71.68499999999997,79.64999999999999,Declining,92
"Dual Level, Single-Width Filing Carts",Office Supplies,Storage,1302.504,-46.517999999999994,434.16799999999995,Declining,333
Xerox 1962,Office Supplies,Paper,79.608,1.7975999999999999,19.902,Growing,135
HP Office Recycled Paper (20Lb. and 87 Bright),Office Supplies,Paper,92.48,-2.889999999999999,30.826666666666668,Declining,235
Hewlett Packard 310 Color Digital Copier,Technology,Copiers,3719.876,-137.9954,743.9752000000001,Declining,99
"Tyvek  Top-Opening Peel & Seel Envelopes, Plain White",Office Supplies,Envelopes,173.952,19.02599999999999,57.984,Growing,41
Avery 520,Office Supplies,Labels,44.1,-1.2599999999999998,11.025,Declining,206
4009 Highlighters by Sanford,Office Supplies,Art,57.312,-5.173999999999999,19.104,Declining,262
Xerox 1930,Office Supplies,Paper,73.872,-0.6479999999999979,24.624,Declining,191
Belkin F9H710-06 7 Outlet SurgeMaster Surge Protector,Office Supplies,Appliances,169.56,7.535999999999997,56.52,Growing,75
Avery 473,Office Supplies,Labels,113.85000000000001,3.104999999999999,28.462500000000002,Growing,120
Cyber Acoustics AC-202b Speech Recognition Stereo Headset,Technology,Phones,98.72399999999999,9.3528,24.680999999999997,Growing,41
Eldon 500 Class Desk Accessories,Furniture,Furnishings,101.388,-4.828000000000002,33.796,Declining,78
Anker 36W 4-Port USB Wall Charger Travel Power Adapter for iPhone 5s 5c 5,Technology,Phones,163.918,27.985999999999986,54.63933333333333,Growing,29
"Eureka The Boss Plus 12-Amp Hard Box Upright Vacuum, Red",Office Supplies,Appliances,941.8500000000001,-35.58100000000001,235.46250000000003,Declining,323
Acme Softgrip Scissors,Office Supplies,Supplies,125.35600000000001,-0.8140000000000001,41.785333333333334,Declining,193
"Deflect-o RollaMat Studded, Beveled Mat for Medium Pile Carpeting",Furniture,Furnishings,553.38,36.891999999999975,184.46,Growing,35
"Global Stack Chair without Arms, Black",Furniture,Chairs,524.796,33.773999999999994,174.93200000000002,Growing,38
Super Decoflex Portable Personal File,Office Supplies,Storage,140.812,7.49,46.937333333333335,Growing,76
"Global Leather Task Chair, Black",Furniture,Chairs,935.8960000000001,-7.199200000000001,233.97400000000002,Declining,84
LogitechÂ MX Performance Wireless Mouse,Technology,Accessories,749.932,-17.551600000000004,149.9864,Declining,74
Heavy-Duty E-Z-D Binders,Office Supplies,Binders,128.738,-3.273000000000003,42.91266666666667,Declining,239
Stanley Bostitch Contemporary Electric Pencil Sharpeners,Office Supplies,Art,101.88,-10.187999999999999,33.96,Declining,289
GBC VeloBind Cover Sets,Office Supplies,Binders,169.84,25.012799999999995,42.46,Growing,28
Ibico EB-19 Dual Function Manual Binding System,Office Supplies,Binders,1937.4880000000003,-110.7136,484.37200000000007,Declining,351
"Elite 5"" Scissors",Office Supplies,Supplies,86.19,10.984999999999998,28.73,Growing,62
Crate-A-Files,Office Supplies,Storage,74.12,-22.88999999999999,24.706666666666667,Declining,311
"Tenex ""The Solids"" Textured Chair Mats",Furniture,Furnishings,923.472,272.84399999999994,307.824,Growing,6
"Wirebound Four 2-3/4 x 5 Forms per Page, 400 Sets per Book",Office Supplies,Paper,85.13999999999999,5.16,28.38,Growing,90
"Eldon Expressions Desk Accessory, Wood Photo Frame, Mahogany",Furniture,Furnishings,76.16,-7.615999999999995,25.386666666666667,Declining,87
Office Star - Contemporary Task Swivel Chair,Furniture,Chairs,1087.604,-210.86199999999997,362.5346666666667,Declining,128
Global Adaptabilities Conference Tables,Furniture,Tables,3203.172,-84.29400000000007,1067.724,Declining,117
Magna Visual Magnetic Picture Hangers,Furniture,Furnishings,43.379999999999995,-8.193999999999997,14.459999999999999,Declining,88
Newell 332,Office Supplies,Art,43.512,5.879999999999996,14.504,Growing,86
Kensington K72356US Mouse-in-a-Box USB Desktop Mouse,Technology,Accessories,139.356,-21.566999999999986,46.452,Declining,78
Fellowes Black Plastic Comb Bindings,Office Supplies,Binders,23.820999999999998,3.14018491736755e-16,7.940333333333332,Growing,175
Logitech G602 Wireless Gaming Mouse,Technology,Accessories,863.892,-15.997999999999998,215.973,Declining,73
Anker Astro 15000mAh USB Portable Charger,Technology,Phones,599.88,-41.99159999999999,149.97,Declining,86
Avaya 4621SW VoIP phone,Technology,Phones,532.4399999999999,0.0,177.48,Declining,54
OtterBox Defender Series Case - Samsung Galaxy S4,Technology,Phones,287.904,-5.02429586778808e-15,95.968,Declining,56
"Pressboard Covers with Storage Hooks, 9 1/2"" x 11"", Light Blue",Office Supplies,Binders,28.478,-4.418999999999999,9.492666666666667,Declining,252
Ibico Plastic Spiral Binding Combs,Office Supplies,Binders,270.56,27.664,67.64,Growing,25
Peel & Stick Add-On Corner Pockets,Office Supplies,Binders,8.64,1.7279999999999993,2.8800000000000003,Growing,140
GBC Instant Report Kit,Office Supplies,Binders,46.583999999999996,-4.917199999999999,11.645999999999999,Declining,258
Xerox 1915,Office Supplies,Paper,461.34,73.39499999999998,153.78,Growing,11
"White Dual Perf Computer Printout Paper, 2700 Sheets, 1 Part, Heavyweight, 20 lbs., 14 7/8 x 11",Office Supplies,Paper,409.9,-2.51214793389404e-15,136.63333333333333,Declining,180
"Bush Andora Bookcase, Maple/Graphite Gray Finish",Furniture,Bookcases,803.933,-17.998499999999993,267.97766666666666,Declining,96
"Fellowes Mobile File Cart, Black",Office Supplies,Storage,1231.164,70.88519999999998,307.791,Growing,12
Premier Automatic Letter Opener,Office Supplies,Supplies,1394.1459999999997,-264.40699999999987,464.71533333333326,Declining,361
Hon 61000 Series Interactive Training Tables,Furniture,Tables,217.707,-2.221499999999999,72.569,Declining,73
Fellowes Bankers Box Staxonsteel Drawer File/Stacking System,Office Supplies,Storage,1156.644,-227.4299999999999,385.548,Declining,359
Recycled Easel Ring Binders,Office Supplies,Binders,62.664,13.427999999999997,20.888,Growing,53
"6"" Cubicle Wall Clock, Black",Furniture,Furnishings,100.316,-12.943999999999994,33.43866666666667,Declining,93
"Global Task Chair, Black",Furniture,Chairs,274.80600000000004,25.44499999999999,91.60200000000002,Growing,42
14-7/8 x 11 Blue Bar Computer Printout Paper,Office Supplies,Paper,326.672,9.608,108.89066666666668,Growing,66
GBC Twin Loop Wire Binding Elements,Office Supplies,Binders,222.976,12.979199999999997,55.744,Growing,55
Premium Transparent Presentation Covers by GBC,Office Supplies,Binders,310.504,4.195999999999999,103.50133333333333,Growing,103
Harbour Creations 67200 Series Stacking Chairs,Furniture,Chairs,854.1600000000001,-37.0136,213.54000000000002,Declining,109
Fellowes PB200 Plastic Comb Binding Machine,Office Supplies,Binders,1257.9260000000002,-118.993,419.30866666666674,Declining,354
Grandstream GXP1160 VoIP phone,Technology,Phones,538.322,87.19299999999997,179.44066666666666,Growing,12
Xerox 191,Office Supplies,Paper,427.572,-1.1987999999999983,85.5144,Declining,205
Fellowes Basic Home/Office Series Surge Protectors,Office Supplies,Appliances,212.872,2.0768,53.218,Growing,129
Ibico Plastic and Wire Spiral Binding Combs,Office Supplies,Binders,107.904,-6.743999999999996,35.967999999999996,Declining,273
Xerox 1939,Office Supplies,Paper,360.42999999999995,1.8969999999999974,90.10749999999999,Growing,134
"Acco Pressboard Covers with Storage Hooks, 14 7/8"" x 11"", Executive Red",Office Supplies,Binders,11.811,-0.5714999999999995,3.937,Declining,187
Avery 511,Office Supplies,Labels,19.712,2.463999999999999,6.570666666666667,Growing,127
"Mini 13-1/2 Capacity Data Binder Rack, Pearl",Office Supplies,Storage,680.524,-104.69599999999998,226.84133333333332,Declining,349
GBC VeloBinder Manual Binding System,Office Supplies,Binders,345.504,-17.2752,86.376,Declining,303
"C-Line Magnetic Cubicle Keepers, Clear Polypropylene",Furniture,Furnishings,59.28,2.4699999999999993,19.76,Growing,60
#10 Self-Seal White Envelopes,Office Supplies,Envelopes,42.141999999999996,6.653999999999998,14.047333333333333,Growing,82
Xerox 1923,Office Supplies,Paper,37.408,-6.679999999999995,12.469333333333333,Declining,272
"Tenex 46"" x 60"" Computer Anti-Static Chairmat, Rectangular Shaped",Furniture,Furnishings,890.232,148.37199999999996,296.74399999999997,Growing,15
"Chromcraft 48"" x 96"" Racetrack Double Pedestal Table",Furniture,Tables,1571.136,80.16000000000001,523.712,Growing,24
Bush Somerset Collection Bookcase,Furniture,Bookcases,1132.9769999999999,26.195999999999966,377.65899999999993,Growing,41
"SimpliFile Personal File, Black Granite, 15w x 6-15/16d x 11-1/4h",Office Supplies,Storage,79.44999999999999,-3.4049999999999985,26.48333333333333,Declining,241
Motorola HK250 Universal Bluetooth Headset,Technology,Phones,478.192,-15.6332,119.548,Declining,72
Mediabridge Sport Armband iPhone 5s,Technology,Phones,117.882,-2.51214793389404e-15,39.294000000000004,Declining,55
Xerox 1996,Office Supplies,Paper,98.49600000000001,-4.0176,19.6992,Declining,247
LogitechÂ P710e Mobile Speakerphone,Technology,Accessories,5458.788,-576.7776,1364.697,Declining,106
Magnifier Swing Arm Lamp,Furniture,Furnishings,167.84,-1.25607396694702e-15,55.946666666666665,Declining,70
"IBM Multi-Purpose Copy Paper, 8 1/2 x 11"", Case",Office Supplies,Paper,384.15199999999993,21.68599999999999,128.05066666666667,Growing,35
"Manila Recycled Extra-Heavyweight Clasp Envelopes, 6"" x 9""",Office Supplies,Envelopes,107.604,-23.057999999999993,35.868,Declining,312
Dax Clear Box Frame,Furniture,Furnishings,68.09400000000001,7.507799999999999,17.023500000000002,Growing,54
Wilson Jones Easy Flow II Sheet Lifters,Office Supplies,Binders,11.52,0.1800000000000003,3.84,Growing,170
Personal File Boxes with Fold-Down Carry Handle,Office Supplies,Storage,99.712,4.6739999999999995,33.23733333333333,Growing,96
Belkin 7-Outlet SurgeMaster Home Series,Office Supplies,Appliances,58.67399999999999,18.160999999999994,19.557999999999996,Growing,42
"Square Credit Card Reader, 4 1/2"" x 4 1/2"" x 1"", White",Technology,Phones,95.904,35.963999999999984,31.968,Growing,26
Strathmore Photo Mount Cards,Office Supplies,Paper,94.92,-2.712000000000001,31.64,Declining,231
Memorex Micro Travel Drive 16 GB,Technology,Accessories,332.592,-44.77199999999998,110.86399999999999,Declining,87
DAX Two-Tone Silver Metal Document Frame,Furniture,Furnishings,137.63199999999998,12.143999999999991,45.877333333333326,Growing,49
MaxellÂ LTO Ultrium - 800 GB,Technology,Accessories,246.31199999999998,-22.391999999999996,82.104,Declining,79
"Avery 4027 File Folder Labels for Dot Matrix Printers, 5000 Labels per Box, White",Office Supplies,Labels,274.77,-30.529999999999987,91.58999999999999,Declining,316
O'Sullivan 3-Shelf Heavy-Duty Bookcases,Furniture,Bookcases,409.88699999999994,43.60499999999998,136.629,Growing,31
